,X,y,data_index
0,[227.  98. 444.  87.  39.  78.],259.0,[  0 923]
1,[259. 227. 436.  19.  87.  39.],237.0,[  0 924]
2,[237. 259. 449.  95.  19.  87.],257.0,[  0 925]
3,[257. 237. 439.  66.  95.  19.],229.0,[  0 926]
4,[229. 257. 365.  29.  66.  95.],204.0,[  0 927]
5,[204. 229. 316.  56.  29.  66.],200.0,[  0 928]
6,[200. 204. 329.  17.  56.  29.],174.0,[  0 929]
7,[174. 200. 354.  39.  17.  56.],149.0,[  0 930]
8,[149. 174. 340.  71.  39.  17.],155.0,[  0 931]
9,[155. 149. 313.  29.  71.  39.],164.0,[  0 932]
10,[164. 155. 297.  50.  29.  71.],157.0,[  0 933]
11,[157. 164. 284.  34.  50.  29.],124.0,[  0 934]
12,[124. 157. 297.  59.  34.  50.],150.0,[  0 935]
13,[150. 124. 274.  46.  59.  34.],130.0,[  0 936]
14,[130. 150. 246.  47.  46.  59.],118.0,[  0 937]
15,[118. 130. 282.  16.  47.  46.],129.0,[  0 938]
16,[129. 118. 246.  58.  16.  47.],146.0,[  0 939]
17,[146. 129. 288.  18.  58.  16.],152.0,[  0 940]
18,[152. 146. 288.  61.  18.  58.],137.0,[  0 941]
19,[137. 152. 281.  19.  61.  18.],153.0,[  0 942]
20,[153. 137. 279.  53.  19.  61.],136.0,[  0 943]
21,[136. 153. 299.  39.  53.  19.],166.0,[  0 944]
22,[166. 136. 264.  34.  39.  53.],147.0,[  0 945]
23,[147. 166. 258.  32.  34.  39.],124.0,[  0 946]
24,[124. 147. 277.  45.  32.  34.],106.0,[  0 947]
25,[106. 124. 275.  44.  45.  32.],139.0,[  0 948]
26,[139. 106. 274.  49.  44.  45.],121.0,[  0 949]
27,[121. 139. 258.  44.  49.  44.],146.0,[  0 950]
28,[146. 121. 298.  16.  44.  49.],130.0,[  0 951]
29,[130. 146. 333.  84.  16.  44.],151.0,[  0 952]
30,[136. 178. 278.  68.  33. 106.],143.0,[  0 956]
31,[143. 136. 320.   9.  68.  33.],141.0,[  0 957]
32,[141. 143. 299.  54.   9.  68.],119.0,[  0 958]
33,[146. 142. 338.  84.  57.  84.],142.0,[  0 962]
34,[142. 146. 349.  68.  84.  57.],160.0,[  0 963]
35,[160. 142. 380.  38.  68.  84.],179.0,[  0 964]
36,[179. 160. 349.  44.  38.  68.],177.0,[  0 965]
37,[177. 179. 359.  87.  44.  38.],158.0,[  0 966]
38,[158. 177. 358.  19.  87.  44.],163.0,[  0 967]
39,[ 70.  42. 208.  55.  19.  30.],89.0,[  1 923]
40,[ 89.  70. 224.   9.  55.  19.],132.0,[  1 924]
41,[132.  89. 247.  57.   9.  55.],104.0,[  1 925]
42,[104. 132. 239.  47.  57.   9.],117.0,[  1 926]
43,[117. 104. 260.  28.  47.  57.],121.0,[  1 927]
44,[121. 117. 257.  57.  28.  47.],111.0,[  1 928]
45,[111. 121. 288.   8.  57.  28.],130.0,[  1 929]
46,[130. 111. 253.  42.   8.  57.],103.0,[  1 930]
47,[103. 130. 244.  47.  42.   8.],105.0,[  1 931]
48,[105. 103. 255.  25.  47.  42.],114.0,[  1 932]
49,[114. 105. 190.  33.  25.  47.],121.0,[  1 933]
50,[121. 114. 207.  33.  33.  25.],122.0,[  1 934]
51,[122. 121. 223.  42.  33.  33.],112.0,[  1 935]
52,[112. 122. 240.  29.  42.  33.],106.0,[  1 936]
53,[106. 112. 177.  41.  29.  42.],109.0,[  1 937]
54,[109. 106. 239.   7.  41.  29.],103.0,[  1 938]
55,[103. 109. 247.  49.   7.  41.],110.0,[  1 939]
56,[110. 103. 245.  20.  49.   7.],105.0,[  1 940]
57,[105. 110. 247.  57.  20.  49.],104.0,[  1 941]
58,[104. 105. 229.  23.  57.  20.],118.0,[  1 942]
59,[118. 104. 193.  36.  23.  57.],149.0,[  1 943]
60,[149. 118. 255.  46.  36.  23.],157.0,[  1 944]
61,[157. 149. 228.  43.  46.  36.],129.0,[  1 945]
62,[129. 157. 225.  31.  43.  46.],112.0,[  1 946]
63,[112. 129. 283.  40.  31.  43.],115.0,[  1 947]
64,[115. 112. 266.  34.  40.  31.],150.0,[  1 948]
65,[150. 115. 256.  42.  34.  40.],133.0,[  1 949]
66,[133. 150. 259.  32.  42.  34.],140.0,[  1 950]
67,[140. 133. 251.  26.  32.  42.],123.0,[  1 951]
68,[123. 140. 276.  61.  26.  32.],139.0,[  1 952]
69,[108. 143. 243.  51.  18.  76.],106.0,[  1 956]
70,[106. 108. 227.   8.  51.  18.],116.0,[  1 957]
71,[116. 106. 230.  51.   8.  51.],116.0,[  1 958]
72,[135.  99. 309.  54.  43.  65.],116.0,[  1 962]
73,[116. 135. 322.  46.  54.  43.],137.0,[  1 963]
74,[137. 116. 340.  31.  46.  54.],149.0,[  1 964]
75,[149. 137. 374.  24.  31.  46.],165.0,[  1 965]
76,[165. 149. 383.  78.  24.  31.],174.0,[  1 966]
77,[174. 165. 412.  16.  78.  24.],159.0,[  1 967]
78,[47. 24. 61. 10.  6. 17.],44.0,[  2 923]
79,[44. 47. 84.  3. 10.  6.],33.0,[  2 924]
80,[33. 44. 73. 18.  3. 10.],33.0,[  2 925]
81,[33. 33. 63. 12. 18.  3.],15.0,[  2 926]
82,[15. 33. 33.  4. 12. 18.],32.0,[  2 927]
83,[32. 15. 31. 11.  4. 12.],22.0,[  2 928]
84,[22. 32. 44.  1. 11.  4.],12.0,[  2 929]
85,[12. 22. 38.  6.  1. 11.],22.0,[  2 930]
86,[22. 12. 26.  3.  6.  1.],24.0,[  2 931]
87,[24. 22. 38.  4.  3.  6.],17.0,[  2 932]
88,[17. 24. 41.  9.  4.  3.],37.0,[  2 933]
89,[37. 17. 44. 12.  9.  4.],22.0,[  2 934]
90,[22. 37. 38. 17. 12.  9.],28.0,[  2 935]
91,[28. 22. 35.  8. 17. 12.],18.0,[  2 936]
92,[18. 28. 41. 11.  8. 17.],39.0,[  2 937]
93,[39. 18. 54.  3. 11.  8.],34.0,[  2 938]
94,[34. 39. 46.  8.  3. 11.],37.0,[  2 939]
95,[43. 28. 75.  9.  6.  6.],49.0,[  2 943]
96,[49. 43. 74.  9.  9.  6.],41.0,[  2 944]
97,[41. 49. 48. 10.  9.  9.],42.0,[  2 945]
98,[42. 41. 64. 16. 10.  9.],62.0,[  2 946]
99,[62. 42. 89. 18. 16. 10.],69.0,[  2 947]
100,[ 69.  62. 134.   8.  18.  16.],80.0,[  2 948]
101,[ 80.  69. 140.  15.   8.  18.],61.0,[  2 949]
102,[ 61.  80. 124.  13.  15.   8.],86.0,[  2 950]
103,[86. 61. 91. 12. 13. 15.],55.0,[  2 951]
104,[ 55.  86. 104.  23.  12.  13.],83.0,[  2 952]
105,[63. 83. 83. 17. 15. 48.],42.0,[  2 956]
106,[ 42.  63. 131.   2.  17.  15.],94.0,[  2 957]
107,[ 94.  42. 132.  20.   2.  17.],89.0,[  2 958]
108,[ 87.  63. 151.  25.  27.  41.],86.0,[  2 962]
109,[ 86.  87. 117.  14.  25.  27.],71.0,[  2 963]
110,[71. 86. 96. 19. 14. 25.],69.0,[  2 964]
111,[ 69.  71. 122.  16.  19.  14.],57.0,[  2 965]
112,[ 57.  69. 125.  19.  16.  19.],79.0,[  2 966]
113,[ 79.  57. 100.   3.  19.  16.],76.0,[  2 967]
114,[ 77.  36. 205.  50.  12.  28.],100.0,[  3 923]
115,[100.  77. 194.   7.  50.  12.],104.0,[  3 924]
116,[104. 100. 233.  56.   7.  50.],120.0,[  3 925]
117,[120. 104. 241.  31.  56.   7.],107.0,[  3 926]
118,[107. 120. 235.  16.  31.  56.],98.0,[  3 927]
119,[ 98. 107. 264.  53.  16.  31.],121.0,[  3 928]
120,[121.  98. 256.   9.  53.  16.],120.0,[  3 929]
121,[120. 121. 273.  38.   9.  53.],112.0,[  3 930]
122,[112. 120. 272.  58.  38.   9.],119.0,[  3 931]
123,[119. 112. 284.  26.  58.  38.],121.0,[  3 932]
124,[121. 119. 272.  59.  26.  58.],122.0,[  3 933]
125,[122. 121. 277.  38.  59.  26.],101.0,[  3 934]
126,[101. 122. 279.  51.  38.  59.],126.0,[  3 935]
127,[126. 101. 286.  35.  51.  38.],134.0,[  3 936]
128,[134. 126. 280.  70.  35.  51.],140.0,[  3 937]
129,[140. 134. 267.  12.  70.  35.],144.0,[  3 938]
130,[144. 140. 268.  54.  12.  70.],146.0,[  3 939]
131,[146. 144. 346.  25.  54.  12.],164.0,[  3 940]
132,[164. 146. 346.  80.  25.  54.],139.0,[  3 941]
133,[139. 164. 330.  36.  80.  25.],164.0,[  3 942]
134,[164. 139. 316.  63.  36.  80.],207.0,[  3 943]
135,[207. 164. 304.  50.  63.  36.],197.0,[  3 944]
136,[197. 207. 300.  54.  50.  63.],186.0,[  3 945]
137,[186. 197. 305.  48.  54.  50.],157.0,[  3 946]
138,[157. 186. 327.  55.  48.  54.],161.0,[  3 947]
139,[161. 157. 361.  52.  55.  48.],194.0,[  3 948]
140,[194. 161. 341.  43.  52.  55.],179.0,[  3 949]
141,[179. 194. 293.  39.  43.  52.],173.0,[  3 950]
142,[173. 179. 309.  22.  39.  43.],154.0,[  3 951]
143,[154. 173. 313.  89.  22.  39.],142.0,[  3 952]
144,[145. 159. 272.  61.  27. 102.],146.0,[  3 956]
145,[146. 145. 278.  12.  61.  27.],126.0,[  3 957]
146,[126. 146. 302.  51.  12.  61.],140.0,[  3 958]
147,[143. 122. 355.  52.  38.  63.],162.0,[  3 962]
148,[162. 143. 359.  48.  52.  38.],194.0,[  3 963]
149,[194. 162. 353.  23.  48.  52.],220.0,[  3 964]
150,[220. 194. 397.  26.  23.  48.],215.0,[  3 965]
151,[215. 220. 416.  57.  26.  23.],236.0,[  3 966]
152,[236. 215. 393.  13.  57.  26.],210.0,[  3 967]
153,[ 7.  5. 14. 16.  3.  4.],20.0,[  4 923]
154,[20.  7. 27.  2. 16.  3.],17.0,[  4 924]
155,[17. 20. 23. 16.  2. 16.],36.0,[  4 925]
156,[36. 17. 34.  2. 16.  2.],28.0,[  4 926]
157,[28. 36. 62.  1.  2. 16.],24.0,[  4 927]
158,[24. 28. 49. 27.  1.  2.],43.0,[  4 928]
159,[43. 24. 71.  6. 27.  1.],41.0,[  4 929]
160,[41. 43. 78. 20.  6. 27.],67.0,[  4 930]
161,[67. 41. 62.  5. 20.  6.],48.0,[  4 931]
162,[ 48.  67. 103.  10.   5.  20.],37.0,[  4 932]
163,[37. 48. 53. 18. 10.  5.],53.0,[  4 933]
164,[53. 37. 44. 16. 18. 10.],62.0,[  4 934]
165,[62. 53. 41.  8. 16. 18.],46.0,[  4 935]
166,[46. 62. 80. 14.  8. 16.],50.0,[  4 936]
167,[ 50.  46. 101.  22.  14.   8.],29.0,[  4 937]
168,[29. 50. 87.  4. 22. 14.],46.0,[  4 938]
169,[46. 29. 67. 22.  4. 22.],38.0,[  4 939]
170,[38. 46. 25.  3. 22.  4.],18.0,[  4 940]
171,[18. 38. 68. 12.  3. 22.],41.0,[  4 941]
172,[ 41.  18. 115.  10.  12.   3.],25.0,[  4 942]
173,[ 25.  41. 105.  16.  10.  12.],33.0,[  4 943]
174,[ 33.  25. 107.  25.  16.  10.],77.0,[  4 944]
175,[ 77.  33. 107.  24.  25.  16.],46.0,[  4 945]
176,[46. 77. 71.  7. 24. 25.],40.0,[  4 946]
177,[40. 46. 64. 14.  7. 24.],34.0,[  4 947]
178,[34. 40. 74. 16. 14.  7.],53.0,[  4 948]
179,[53. 34. 97. 28. 16. 14.],48.0,[  4 949]
180,[48. 53. 93. 12. 28. 16.],39.0,[  4 950]
181,[39. 48. 78.  6. 12. 28.],40.0,[  4 951]
182,[40. 39. 76. 14.  6. 12.],47.0,[  4 952]
183,[38. 60. 82. 23. 11. 25.],38.0,[  4 956]
184,[38. 38. 95.  4. 23. 11.],61.0,[  4 957]
185,[ 61.  38. 123.  12.   4.  23.],28.0,[  4 958]
186,[76. 43. 78. 35. 21. 30.],79.0,[  4 962]
187,[79. 76. 97. 20. 35. 21.],57.0,[  4 963]
188,[57. 79. 88.  8. 20. 35.],77.0,[  4 964]
189,[77. 57. 80. 12.  8. 20.],90.0,[  4 965]
190,[ 90.  77. 132.  25.  12.   8.],31.0,[  4 966]
191,[31. 90. 97.  1. 25. 12.],27.0,[  4 967]
192,[ 45.  24. 117.  34.  13.  21.],63.0,[  5 923]
193,[ 63.  45. 140.   9.  34.  13.],63.0,[  5 924]
194,[ 63.  63. 146.  38.   9.  34.],76.0,[  5 925]
195,[ 76.  63. 143.  25.  38.   9.],92.0,[  5 926]
196,[ 92.  76. 162.   7.  25.  38.],68.0,[  5 927]
197,[ 68.  92. 151.  35.   7.  25.],73.0,[  5 928]
198,[ 73.  68. 142.   8.  35.   7.],75.0,[  5 929]
199,[ 75.  73. 154.  21.   8.  35.],70.0,[  5 930]
200,[ 70.  75. 140.  20.  21.   8.],70.0,[  5 931]
201,[ 70.  70. 131.   7.  20.  21.],55.0,[  5 932]
202,[ 55.  70. 133.  14.   7.  20.],55.0,[  5 933]
203,[ 55.  55. 106.  13.  14.   7.],65.0,[  5 934]
204,[ 65.  55. 130.  20.  13.  14.],56.0,[  5 935]
205,[ 56.  65. 115.   9.  20.  13.],55.0,[  5 936]
206,[ 55.  56. 126.  20.   9.  20.],55.0,[  5 937]
207,[ 55.  55. 136.   4.  20.   9.],62.0,[  5 938]
208,[ 62.  55. 120.  34.   4.  20.],84.0,[  5 939]
209,[ 84.  62. 131.  12.  34.   4.],67.0,[  5 940]
210,[ 67.  84. 130.  25.  12.  34.],62.0,[  5 941]
211,[ 62.  67. 132.   9.  25.  12.],76.0,[  5 942]
212,[ 76.  62. 137.  29.   9.  25.],72.0,[  5 943]
213,[ 72.  76. 107.  16.  29.   9.],73.0,[  5 944]
214,[ 73.  72. 115.  25.  16.  29.],71.0,[  5 945]
215,[ 71.  73. 109.  17.  25.  16.],62.0,[  5 946]
216,[ 62.  71. 115.  22.  17.  25.],71.0,[  5 947]
217,[ 71.  62. 122.  18.  22.  17.],68.0,[  5 948]
218,[ 68.  71. 152.  23.  18.  22.],79.0,[  5 949]
219,[ 79.  68. 120.  12.  23.  18.],73.0,[  5 950]
220,[ 73.  79. 136.  12.  12.  23.],68.0,[  5 951]
221,[ 68.  73. 114.  27.  12.  12.],81.0,[  5 952]
222,[ 67.  58. 107.  26.  11.  33.],55.0,[  5 956]
223,[ 55.  67. 110.   5.  26.  11.],69.0,[  5 957]
224,[69. 55. 80. 13.  5. 26.],54.0,[  5 958]
225,[ 60.  48. 135.  31.  23.  38.],80.0,[  5 962]
226,[ 80.  60. 155.  16.  31.  23.],74.0,[  5 963]
227,[ 74.  80. 162.  16.  16.  31.],64.0,[  5 964]
228,[ 64.  74. 167.  10.  16.  16.],67.0,[  5 965]
229,[ 67.  64. 163.  23.  10.  16.],80.0,[  5 966]
230,[ 80.  67. 160.   4.  23.  10.],70.0,[  5 967]
231,[169.  71. 426. 101.  26.  53.],205.0,[  6 923]
232,[205. 169. 454.  26. 101.  26.],212.0,[  6 924]
233,[212. 205. 460.  90.  26. 101.],208.0,[  6 925]
234,[208. 212. 445.  74.  90.  26.],202.0,[  6 926]
235,[202. 208. 437.  43.  74.  90.],209.0,[  6 927]
236,[209. 202. 474. 111.  43.  74.],223.0,[  6 928]
237,[223. 209. 425.  20. 111.  43.],186.0,[  6 929]
238,[186. 223. 392.  60.  20. 111.],183.0,[  6 930]
239,[183. 186. 380.  85.  60.  20.],155.0,[  6 931]
240,[155. 183. 336.  31.  85.  60.],185.0,[  6 932]
241,[185. 155. 341.  64.  31.  85.],149.0,[  6 933]
242,[149. 185. 346.  48.  64.  31.],158.0,[  6 934]
243,[158. 149. 335.  53.  48.  64.],165.0,[  6 935]
244,[165. 158. 371.  48.  53.  48.],164.0,[  6 936]
245,[164. 165. 320.  69.  48.  53.],138.0,[  6 937]
246,[138. 164. 370.   5.  69.  48.],151.0,[  6 938]
247,[151. 138. 355.  67.   5.  69.],174.0,[  6 939]
248,[174. 151. 395.  29.  67.   5.],187.0,[  6 940]
249,[187. 174. 410.  89.  29.  67.],186.0,[  6 941]
250,[186. 187. 382.  32.  89.  29.],173.0,[  6 942]
251,[173. 186. 383.  64.  32.  89.],230.0,[  6 943]
252,[230. 173. 368.  72.  64.  32.],199.0,[  6 944]
253,[199. 230. 373.  60.  72.  64.],205.0,[  6 945]
254,[205. 199. 350.  52.  60.  72.],212.0,[  6 946]
255,[212. 205. 387.  72.  52.  60.],195.0,[  6 947]
256,[195. 212. 435.  61.  72.  52.],201.0,[  6 948]
257,[201. 195. 415.  82.  61.  72.],207.0,[  6 949]
258,[207. 201. 437.  49.  82.  61.],190.0,[  6 950]
259,[190. 207. 396.  31.  49.  82.],227.0,[  6 951]
260,[227. 190. 449.  80.  31.  49.],213.0,[  6 952]
261,[162. 209. 334.  68.  28. 105.],168.0,[  6 956]
262,[168. 162. 336.   9.  68.  28.],159.0,[  6 957]
263,[159. 168. 291.  63.   9.  68.],148.0,[  6 958]
264,[210. 154. 443.  96.  55.  99.],218.0,[  6 962]
265,[218. 210. 485.  70.  96.  55.],225.0,[  6 963]
266,[225. 218. 547.  49.  70.  96.],268.0,[  6 964]
267,[268. 225. 530.  44.  49.  70.],244.0,[  6 965]
268,[244. 268. 536.  91.  44.  49.],283.0,[  6 966]
269,[283. 244. 584.  19.  91.  44.],235.0,[  6 967]
270,[ 57.  37. 162.  42.  15.  26.],80.0,[  7 923]
271,[ 80.  57. 202.  16.  42.  15.],87.0,[  7 924]
272,[ 87.  80. 203.  53.  16.  42.],87.0,[  7 925]
273,[ 87.  87. 206.  39.  53.  16.],98.0,[  7 926]
274,[ 98.  87. 223.  15.  39.  53.],98.0,[  7 927]
275,[ 98.  98. 245.  52.  15.  39.],99.0,[  7 928]
276,[ 99.  98. 240.  12.  52.  15.],112.0,[  7 929]
277,[112.  99. 242.  35.  12.  52.],103.0,[  7 930]
278,[103. 112. 238.  52.  35.  12.],109.0,[  7 931]
279,[109. 103. 221.  32.  52.  35.],93.0,[  7 932]
280,[ 93. 109. 203.  52.  32.  52.],107.0,[  7 933]
281,[107.  93. 233.  31.  52.  32.],124.0,[  7 934]
282,[124. 107. 232.  42.  31.  52.],118.0,[  7 935]
283,[118. 124. 218.  31.  42.  31.],108.0,[  7 936]
284,[108. 118. 203.  39.  31.  42.],110.0,[  7 937]
285,[110. 108. 225.  10.  39.  31.],135.0,[  7 938]
286,[135. 110. 232.  45.  10.  39.],124.0,[  7 939]
287,[124. 135. 243.  21.  45.  10.],141.0,[  7 940]
288,[141. 124. 267.  68.  21.  45.],142.0,[  7 941]
289,[142. 141. 267.  22.  68.  21.],130.0,[  7 942]
290,[130. 142. 255.  39.  22.  68.],155.0,[  7 943]
291,[155. 130. 255.  38.  39.  22.],131.0,[  7 944]
292,[131. 155. 255.  34.  38.  39.],140.0,[  7 945]
293,[140. 131. 243.  36.  34.  38.],140.0,[  7 946]
294,[140. 140. 244.  39.  36.  34.],134.0,[  7 947]
295,[134. 140. 257.  50.  39.  36.],134.0,[  7 948]
296,[134. 134. 300.  47.  50.  39.],135.0,[  7 949]
297,[135. 134. 269.  38.  47.  50.],134.0,[  7 950]
298,[134. 135. 260.  30.  38.  47.],110.0,[  7 951]
299,[110. 134. 225.  58.  30.  38.],129.0,[  7 952]
300,[101. 117. 232.  52.  13.  51.],75.0,[  7 956]
301,[ 75. 101. 221.   6.  52.  13.],98.0,[  7 957]
302,[ 98.  75. 204.  33.   6.  52.],82.0,[  7 958]
303,[ 90.  97. 213.  48.  24.  61.],111.0,[  7 962]
304,[111.  90. 238.  40.  48.  24.],118.0,[  7 963]
305,[118. 111. 237.  19.  40.  48.],137.0,[  7 964]
306,[137. 118. 310.  14.  19.  40.],142.0,[  7 965]
307,[142. 137. 307.  49.  14.  19.],120.0,[  7 966]
308,[120. 142. 320.  13.  49.  14.],146.0,[  7 967]
309,[ 96.  38. 259.  55.  22.  38.],145.0,[  8 923]
310,[145.  96. 247.  20.  55.  22.],111.0,[  8 924]
311,[111. 145. 237.  47.  20.  55.],132.0,[  8 925]
312,[132. 111. 243.  44.  47.  20.],102.0,[  8 926]
313,[102. 132. 242.  20.  44.  47.],119.0,[  8 927]
314,[119. 102. 225.  43.  20.  44.],115.0,[  8 928]
315,[115. 119. 236.   7.  43.  20.],108.0,[  8 929]
316,[108. 115. 182.  28.   7.  43.],94.0,[  8 930]
317,[ 94. 108. 152.  35.  28.   7.],69.0,[  8 931]
318,[ 69.  94. 171.  20.  35.  28.],90.0,[  8 932]
319,[ 90.  69. 166.  30.  20.  35.],87.0,[  8 933]
320,[ 87.  90. 166.  21.  30.  20.],83.0,[  8 934]
321,[ 83.  87. 140.  27.  21.  30.],64.0,[  8 935]
322,[ 64.  83. 164.  21.  27.  21.],66.0,[  8 936]
323,[ 66.  64. 135.  25.  21.  27.],63.0,[  8 937]
324,[ 63.  66. 151.   4.  25.  21.],63.0,[  8 938]
325,[ 63.  63. 179.  33.   4.  25.],74.0,[  8 939]
326,[ 74.  63. 160.  10.  33.   4.],94.0,[  8 940]
327,[ 94.  74. 144.  40.  10.  33.],64.0,[  8 941]
328,[ 64.  94. 152.  22.  40.  10.],72.0,[  8 942]
329,[ 72.  64. 138.  19.  22.  40.],69.0,[  8 943]
330,[ 69.  72. 178.  20.  19.  22.],72.0,[  8 944]
331,[ 72.  69. 144.  29.  20.  19.],73.0,[  8 945]
332,[ 73.  72. 152.  24.  29.  20.],67.0,[  8 946]
333,[ 67.  73. 138.  18.  24.  29.],68.0,[  8 947]
334,[ 68.  67. 163.  22.  18.  24.],65.0,[  8 948]
335,[ 65.  68. 160.  28.  22.  18.],65.0,[  8 949]
336,[ 65.  65. 145.  19.  28.  22.],84.0,[  8 950]
337,[ 84.  65. 145.  10.  19.  28.],89.0,[  8 951]
338,[ 89.  84. 164.  38.  10.  19.],86.0,[  8 952]
339,[107. 111. 171.  36.  12.  69.],78.0,[  8 956]
340,[ 78. 107. 184.   9.  36.  12.],95.0,[  8 957]
341,[ 95.  78. 181.  37.   9.  36.],92.0,[  8 958]
342,[100.  69. 166.  59.  39.  63.],94.0,[  8 962]
343,[ 94. 100. 200.  45.  59.  39.],112.0,[  8 963]
344,[112.  94. 220.  29.  45.  59.],109.0,[  8 964]
345,[109. 112. 190.  18.  29.  45.],104.0,[  8 965]
346,[104. 109. 230.  57.  18.  29.],110.0,[  8 966]
347,[110. 104. 224.  12.  57.  18.],119.0,[  8 967]
348,[ 4.  2. 11.  3.  3.  1.],1.0,[  9 926]
349,[ 1.  4. 14.  2.  3.  3.],1.0,[  9 927]
350,[1. 1. 9. 1. 2. 3.],3.0,[  9 928]
351,[3. 1. 6. 1. 1. 2.],4.0,[  9 929]
352,[4. 3. 3. 3. 1. 1.],2.0,[  9 930]
353,[ 5.  1. 14.  1.  2.  1.],5.0,[  9 946]
354,[5. 5. 2. 2. 1. 2.],2.0,[  9 947]
355,[ 2.  2. 10.  3.  1.  1.],1.0,[  9 964]
356,[ 1.  2. 15.  4.  3.  1.],4.0,[  9 965]
357,[ 4.  1. 15.  3.  4.  3.],4.0,[  9 966]
358,[ 4.  4. 18.  4.  3.  4.],2.0,[  9 967]
359,[133.  86. 413.  77.  34.  80.],151.0,[ 10 923]
360,[151. 133. 339.  16.  77.  34.],151.0,[ 10 924]
361,[151. 151. 304.  83.  16.  77.],163.0,[ 10 925]
362,[163. 151. 320.  74.  83.  16.],169.0,[ 10 926]
363,[169. 163. 340.  24.  74.  83.],174.0,[ 10 927]
364,[174. 169. 364.  84.  24.  74.],159.0,[ 10 928]
365,[159. 174. 327.  13.  84.  24.],195.0,[ 10 929]
366,[195. 159. 339.  62.  13.  84.],186.0,[ 10 930]
367,[186. 195. 347.  79.  62.  13.],176.0,[ 10 931]
368,[176. 186. 333.  34.  79.  62.],162.0,[ 10 932]
369,[162. 176. 319.  60.  34.  79.],163.0,[ 10 933]
370,[163. 162. 313.  47.  60.  34.],165.0,[ 10 934]
371,[165. 163. 296.  64.  47.  60.],155.0,[ 10 935]
372,[155. 165. 307.  39.  64.  47.],150.0,[ 10 936]
373,[150. 155. 300.  73.  39.  64.],144.0,[ 10 937]
374,[144. 150. 326.  13.  73.  39.],160.0,[ 10 938]
375,[160. 144. 292.  51.  13.  73.],165.0,[ 10 939]
376,[165. 160. 281.  20.  51.  13.],148.0,[ 10 940]
377,[148. 165. 294.  70.  20.  51.],157.0,[ 10 941]
378,[157. 148. 342.  33.  70.  20.],161.0,[ 10 942]
379,[161. 157. 282.  49.  33.  70.],182.0,[ 10 943]
380,[182. 161. 305.  63.  49.  33.],197.0,[ 10 944]
381,[197. 182. 308.  55.  63.  49.],180.0,[ 10 945]
382,[180. 197. 309.  52.  55.  63.],139.0,[ 10 946]
383,[139. 180. 304.  38.  52.  55.],158.0,[ 10 947]
384,[158. 139. 326.  54.  38.  52.],146.0,[ 10 948]
385,[146. 158. 303.  57.  54.  38.],170.0,[ 10 949]
386,[170. 146. 289.  38.  57.  54.],187.0,[ 10 950]
387,[187. 170. 298.  29.  38.  57.],138.0,[ 10 951]
388,[138. 187. 351.  77.  29.  38.],160.0,[ 10 952]
389,[153. 142. 257.  64.  21.  75.],142.0,[ 10 956]
390,[142. 153. 288.   6.  64.  21.],122.0,[ 10 957]
391,[122. 142. 235.  51.   6.  64.],146.0,[ 10 958]
392,[152. 127. 254.  71.  40.  75.],163.0,[ 10 962]
393,[163. 152. 320.  48.  71.  40.],150.0,[ 10 963]
394,[150. 163. 329.  29.  48.  71.],178.0,[ 10 964]
395,[178. 150. 366.  32.  29.  48.],188.0,[ 10 965]
396,[188. 178. 372.  70.  32.  29.],199.0,[ 10 966]
397,[199. 188. 366.  16.  70.  32.],169.0,[ 10 967]
398,[153.  58. 292.  51.  18.  50.],139.0,[ 11 923]
399,[139. 153. 217.  10.  51.  18.],150.0,[ 11 924]
400,[150. 139. 248.  35.  10.  51.],140.0,[ 11 925]
401,[140. 150. 259.  41.  35.  10.],136.0,[ 11 926]
402,[136. 140. 268.  26.  41.  35.],145.0,[ 11 927]
403,[145. 136. 244.  45.  26.  41.],140.0,[ 11 928]
404,[140. 145. 308.   5.  45.  26.],123.0,[ 11 929]
405,[123. 140. 263.  33.   5.  45.],117.0,[ 11 930]
406,[117. 123. 213.  36.  33.   5.],124.0,[ 11 931]
407,[124. 117. 251.  20.  36.  33.],114.0,[ 11 932]
408,[114. 124. 237.  39.  20.  36.],117.0,[ 11 933]
409,[117. 114. 217.  35.  39.  20.],134.0,[ 11 934]
410,[134. 117. 229.  38.  35.  39.],103.0,[ 11 935]
411,[103. 134. 211.  30.  38.  35.],108.0,[ 11 936]
412,[108. 103. 233.  46.  30.  38.],107.0,[ 11 937]
413,[107. 108. 238.   8.  46.  30.],103.0,[ 11 938]
414,[103. 107. 256.  55.   8.  46.],103.0,[ 11 939]
415,[103. 103. 232.  22.  55.   8.],123.0,[ 11 940]
416,[123. 103. 239.  56.  22.  55.],108.0,[ 11 941]
417,[108. 123. 263.  20.  56.  22.],115.0,[ 11 942]
418,[115. 108. 205.  48.  20.  56.],113.0,[ 11 943]
419,[113. 115. 237.  37.  48.  20.],121.0,[ 11 944]
420,[121. 113. 199.  46.  37.  48.],94.0,[ 11 945]
421,[ 94. 121. 228.  32.  46.  37.],108.0,[ 11 946]
422,[108.  94. 237.  41.  32.  46.],123.0,[ 11 947]
423,[123. 108. 226.  39.  41.  32.],119.0,[ 11 948]
424,[119. 123. 227.  37.  39.  41.],112.0,[ 11 949]
425,[112. 119. 250.  39.  37.  39.],118.0,[ 11 950]
426,[118. 112. 246.  23.  39.  37.],140.0,[ 11 951]
427,[140. 118. 286.  51.  23.  39.],130.0,[ 11 952]
428,[133. 115. 272.  66.  21.  86.],118.0,[ 11 956]
429,[118. 133. 243.   8.  66.  21.],117.0,[ 11 957]
430,[117. 118. 256.  56.   8.  66.],111.0,[ 11 958]
431,[126. 105. 245.  59.  44.  82.],127.0,[ 11 962]
432,[127. 126. 268.  54.  59.  44.],143.0,[ 11 963]
433,[143. 127. 303.  40.  54.  59.],142.0,[ 11 964]
434,[142. 143. 318.  27.  40.  54.],144.0,[ 11 965]
435,[144. 142. 324.  77.  27.  40.],162.0,[ 11 966]
436,[162. 144. 343.  14.  77.  27.],143.0,[ 11 967]
437,[ 31.  18. 100.  21.   6.   9.],39.0,[ 12 923]
438,[39. 31. 79.  5. 21.  6.],34.0,[ 12 924]
439,[34. 39. 74. 13.  5. 21.],30.0,[ 12 925]
440,[30. 34. 61. 15. 13.  5.],24.0,[ 12 926]
441,[24. 30. 51.  5. 15. 13.],15.0,[ 12 927]
442,[15. 24. 49. 17.  5. 15.],22.0,[ 12 928]
443,[22. 15. 53.  1. 17.  5.],16.0,[ 12 929]
444,[16. 22. 33.  3.  1. 17.],22.0,[ 12 930]
445,[22. 16. 30.  4.  3.  1.],8.0,[ 12 931]
446,[ 8. 22. 63.  2.  4.  3.],10.0,[ 12 932]
447,[10.  8. 63.  4.  2.  4.],10.0,[ 12 933]
448,[10. 10. 20.  4.  4.  2.],22.0,[ 12 934]
449,[22. 10. 22.  8.  4.  4.],11.0,[ 12 935]
450,[11. 22. 25.  3.  8.  4.],10.0,[ 12 936]
451,[10. 11. 20.  7.  3.  8.],7.0,[ 12 937]
452,[14. 12. 25.  7.  3.  9.],16.0,[ 12 941]
453,[16. 14. 38.  2.  7.  3.],23.0,[ 12 942]
454,[23. 16. 31.  6.  2.  7.],29.0,[ 12 943]
455,[29. 23. 61.  9.  6.  2.],13.0,[ 12 944]
456,[13. 29. 46. 10.  9.  6.],23.0,[ 12 945]
457,[23. 13. 54.  2. 10.  9.],13.0,[ 12 946]
458,[13. 23. 32. 12.  2. 10.],16.0,[ 12 947]
459,[16. 13. 27.  2. 12.  2.],14.0,[ 12 948]
460,[14. 16. 28.  4.  2. 12.],16.0,[ 12 949]
461,[16. 14. 28.  1.  4.  2.],16.0,[ 12 950]
462,[16. 16. 35.  3.  1.  4.],17.0,[ 12 951]
463,[17. 16. 36.  4.  3.  1.],22.0,[ 12 952]
464,[17. 18. 46.  7.  6.  8.],20.0,[ 12 956]
465,[20. 17. 38.  2.  7.  6.],22.0,[ 12 957]
466,[22. 20. 42.  2.  2.  7.],24.0,[ 12 958]
467,[28. 18. 70. 19. 10. 11.],27.0,[ 12 962]
468,[27. 28. 67. 15. 19. 10.],32.0,[ 12 963]
469,[32. 27. 74. 10. 15. 19.],35.0,[ 12 964]
470,[35. 32. 57. 12. 10. 15.],33.0,[ 12 965]
471,[33. 35. 63. 23. 12. 10.],42.0,[ 12 966]
472,[42. 33. 59.  1. 23. 12.],27.0,[ 12 967]
473,[ 62.  44. 158.  36.   8.  30.],75.0,[ 13 923]
474,[ 75.  62. 194.   8.  36.   8.],93.0,[ 13 924]
475,[ 93.  75. 212.  39.   8.  36.],95.0,[ 13 925]
476,[ 95.  93. 213.  46.  39.   8.],101.0,[ 13 926]
477,[101.  95. 216.  13.  46.  39.],115.0,[ 13 927]
478,[115. 101. 253.  67.  13.  46.],133.0,[ 13 928]
479,[133. 115. 254.  10.  67.  13.],113.0,[ 13 929]
480,[113. 133. 247.  42.  10.  67.],98.0,[ 13 930]
481,[ 98. 113. 243.  46.  42.  10.],117.0,[ 13 931]
482,[117.  98. 226.  16.  46.  42.],89.0,[ 13 932]
483,[ 89. 117. 210.  35.  16.  46.],91.0,[ 13 933]
484,[ 91.  89. 186.  30.  35.  16.],86.0,[ 13 934]
485,[ 86.  91. 167.  24.  30.  35.],87.0,[ 13 935]
486,[ 87.  86. 161.  27.  24.  30.],79.0,[ 13 936]
487,[ 79.  87. 168.  28.  27.  24.],87.0,[ 13 937]
488,[ 87.  79. 156.   6.  28.  27.],83.0,[ 13 938]
489,[ 83.  87. 200.  39.   6.  28.],84.0,[ 13 939]
490,[ 84.  83. 195.   8.  39.   6.],74.0,[ 13 940]
491,[ 74.  84. 199.  38.   8.  39.],88.0,[ 13 941]
492,[ 88.  74. 160.  19.  38.   8.],81.0,[ 13 942]
493,[ 81.  88. 163.  32.  19.  38.],107.0,[ 13 943]
494,[107.  81. 178.  22.  32.  19.],95.0,[ 13 944]
495,[ 95. 107. 163.  32.  22.  32.],84.0,[ 13 945]
496,[ 84.  95. 191.  30.  32.  22.],67.0,[ 13 946]
497,[ 67.  84. 203.  28.  30.  32.],62.0,[ 13 947]
498,[ 62.  67. 204.  28.  28.  30.],96.0,[ 13 948]
499,[ 96.  62. 216.  31.  28.  28.],94.0,[ 13 949]
500,[ 94.  96. 206.  27.  31.  28.],91.0,[ 13 950]
501,[ 91.  94. 197.  16.  27.  31.],88.0,[ 13 951]
502,[ 88.  91. 187.  44.  16.  27.],94.0,[ 13 952]
503,[ 83.  87. 197.  42.  10.  46.],76.0,[ 13 956]
504,[ 76.  83. 183.   5.  42.  10.],78.0,[ 13 957]
505,[ 78.  76. 179.  33.   5.  42.],85.0,[ 13 958]
506,[ 98.  87. 207.  57.  24.  63.],94.0,[ 13 962]
507,[ 94.  98. 239.  36.  57.  24.],99.0,[ 13 963]
508,[ 99.  94. 275.  29.  36.  57.],129.0,[ 13 964]
509,[129.  99. 330.  21.  29.  36.],147.0,[ 13 965]
510,[147. 129. 330.  62.  21.  29.],163.0,[ 13 966]
511,[163. 147. 359.  13.  62.  21.],124.0,[ 13 967]
512,[134.  68. 341.  86.  18.  71.],163.0,[ 14 923]
513,[163. 134. 365.  23.  86.  18.],194.0,[ 14 924]
514,[194. 163. 362.  83.  23.  86.],169.0,[ 14 925]
515,[169. 194. 400.  75.  83.  23.],207.0,[ 14 926]
516,[207. 169. 445.  27.  75.  83.],217.0,[ 14 927]
517,[217. 207. 426.  93.  27.  75.],208.0,[ 14 928]
518,[208. 217. 418.  18.  93.  27.],222.0,[ 14 929]
519,[222. 208. 407.  81.  18.  93.],192.0,[ 14 930]
520,[192. 222. 410.  88.  81.  18.],199.0,[ 14 931]
521,[199. 192. 415.  44.  88.  81.],193.0,[ 14 932]
522,[193. 199. 371.  69.  44.  88.],196.0,[ 14 933]
523,[196. 193. 404.  57.  69.  44.],184.0,[ 14 934]
524,[184. 196. 378.  63.  57.  69.],183.0,[ 14 935]
525,[183. 184. 365.  61.  63.  57.],229.0,[ 14 936]
526,[229. 183. 385.  87.  61.  63.],207.0,[ 14 937]
527,[207. 229. 422.  15.  87.  61.],196.0,[ 14 938]
528,[196. 207. 451.  82.  15.  87.],244.0,[ 14 939]
529,[244. 196. 485.  29.  82.  15.],220.0,[ 14 940]
530,[220. 244. 466. 104.  29.  82.],258.0,[ 14 941]
531,[258. 220. 448.  49. 104.  29.],223.0,[ 14 942]
532,[223. 258. 448.  67.  49. 104.],233.0,[ 14 943]
533,[233. 223. 446.  70.  67.  49.],249.0,[ 14 944]
534,[249. 233. 434.  68.  70.  67.],224.0,[ 14 945]
535,[224. 249. 447.  45.  68.  70.],232.0,[ 14 946]
536,[232. 224. 459.  68.  45.  68.],243.0,[ 14 947]
537,[243. 232. 455.  50.  68.  45.],253.0,[ 14 948]
538,[253. 243. 497.  75.  50.  68.],237.0,[ 14 949]
539,[237. 253. 481.  61.  75.  50.],248.0,[ 14 950]
540,[248. 237. 503.  35.  61.  75.],261.0,[ 14 951]
541,[261. 248. 470. 105.  35.  61.],223.0,[ 14 952]
542,[180. 202. 380.  73.  34. 102.],160.0,[ 14 956]
543,[160. 180. 337.  12.  73.  34.],189.0,[ 14 957]
544,[189. 160. 348.  57.  12.  73.],163.0,[ 14 958]
545,[203. 167. 418.  58.  44.  77.],202.0,[ 14 962]
546,[202. 203. 454.  60.  58.  44.],266.0,[ 14 963]
547,[266. 202. 453.  32.  60.  58.],285.0,[ 14 964]
548,[285. 266. 518.  24.  32.  60.],274.0,[ 14 965]
549,[274. 285. 502.  67.  24.  32.],279.0,[ 14 966]
550,[279. 274. 439.  16.  67.  24.],250.0,[ 14 967]
551,[145.  73. 308.  66.  33.  50.],173.0,[ 15 923]
552,[173. 145. 320.  10.  66.  33.],159.0,[ 15 924]
553,[159. 173. 309.  53.  10.  66.],154.0,[ 15 925]
554,[154. 159. 295.  55.  53.  10.],153.0,[ 15 926]
555,[153. 154. 295.  25.  55.  53.],160.0,[ 15 927]
556,[160. 153. 229.  49.  25.  55.],144.0,[ 15 928]
557,[144. 160. 266.  13.  49.  25.],128.0,[ 15 929]
558,[128. 144. 260.  30.  13.  49.],139.0,[ 15 930]
559,[139. 128. 239.  52.  30.  13.],148.0,[ 15 931]
560,[148. 139. 250.  24.  52.  30.],113.0,[ 15 932]
561,[113. 148. 232.  39.  24.  52.],108.0,[ 15 933]
562,[108. 113. 223.  38.  39.  24.],103.0,[ 15 934]
563,[103. 108. 188.  34.  38.  39.],102.0,[ 15 935]
564,[102. 103. 166.  29.  34.  38.],108.0,[ 15 936]
565,[108. 102. 201.  49.  29.  34.],89.0,[ 15 937]
566,[ 89. 108. 208.   6.  49.  29.],79.0,[ 15 938]
567,[ 79.  89. 230.  39.   6.  49.],117.0,[ 15 939]
568,[117.  79. 206.   7.  39.   6.],102.0,[ 15 940]
569,[102. 117. 184.  47.   7.  39.],96.0,[ 15 941]
570,[ 96. 102. 172.  20.  47.   7.],92.0,[ 15 942]
571,[ 92.  96. 178.  29.  20.  47.],115.0,[ 15 943]
572,[115.  92. 196.  24.  29.  20.],88.0,[ 15 944]
573,[ 88. 115. 167.  28.  24.  29.],65.0,[ 15 945]
574,[ 65.  88. 181.  22.  28.  24.],91.0,[ 15 946]
575,[ 91.  65. 191.  40.  22.  28.],97.0,[ 15 947]
576,[ 97.  91. 159.  31.  40.  22.],90.0,[ 15 948]
577,[ 90.  97. 185.  19.  31.  40.],86.0,[ 15 949]
578,[ 86.  90. 208.  34.  19.  31.],101.0,[ 15 950]
579,[101.  86. 209.  14.  34.  19.],107.0,[ 15 951]
580,[107. 101. 218.  52.  14.  34.],103.0,[ 15 952]
581,[100. 103. 191.  45.  15.  52.],86.0,[ 15 956]
582,[ 86. 100. 201.   7.  45.  15.],92.0,[ 15 957]
583,[ 92.  86. 170.  21.   7.  45.],75.0,[ 15 958]
584,[102. 109. 215.  42.  28.  41.],105.0,[ 15 962]
585,[105. 102. 234.  39.  42.  28.],93.0,[ 15 963]
586,[ 93. 105. 264.  24.  39.  42.],111.0,[ 15 964]
587,[111.  93. 261.  15.  24.  39.],126.0,[ 15 965]
588,[126. 111. 236.  52.  15.  24.],129.0,[ 15 966]
589,[129. 126. 232.   8.  52.  15.],120.0,[ 15 967]
590,[2. 6. 1. 1. 2. 1.],3.0,[ 16 927]
591,[3. 2. 4. 4. 1. 2.],1.0,[ 16 928]
592,[3. 1. 3. 1. 1. 1.],3.0,[ 16 964]
593,[176.  68. 340.  70.  22.  60.],139.0,[ 17 923]
594,[139. 176. 291.  12.  70.  22.],154.0,[ 17 924]
595,[154. 139. 192.  66.  12.  70.],149.0,[ 17 925]
596,[149. 154. 235.  52.  66.  12.],142.0,[ 17 926]
597,[142. 149. 232.  16.  52.  66.],130.0,[ 17 927]
598,[130. 142. 214.  59.  16.  52.],133.0,[ 17 928]
599,[133. 130. 235.  13.  59.  16.],136.0,[ 17 929]
600,[136. 133. 268.  49.  13.  59.],147.0,[ 17 930]
601,[147. 136. 273.  54.  49.  13.],134.0,[ 17 931]
602,[134. 147. 261.  21.  54.  49.],146.0,[ 17 932]
603,[146. 134. 283.  50.  21.  54.],125.0,[ 17 933]
604,[125. 146. 237.  51.  50.  21.],119.0,[ 17 934]
605,[119. 125. 203.  39.  51.  50.],109.0,[ 17 935]
606,[109. 119. 249.  34.  39.  51.],135.0,[ 17 936]
607,[135. 109. 224.  49.  34.  39.],105.0,[ 17 937]
608,[105. 135. 186.   7.  49.  34.],89.0,[ 17 938]
609,[ 89. 105. 202.  59.   7.  49.],118.0,[ 17 939]
610,[118.  89. 236.  20.  59.   7.],114.0,[ 17 940]
611,[114. 118. 230.  66.  20.  59.],100.0,[ 17 941]
612,[100. 114. 217.  28.  66.  20.],89.0,[ 17 942]
613,[ 89. 100. 206.  31.  28.  66.],125.0,[ 17 943]
614,[125.  89. 232.  40.  31.  28.],107.0,[ 17 944]
615,[107. 125. 208.  44.  40.  31.],103.0,[ 17 945]
616,[103. 107. 151.  43.  44.  40.],71.0,[ 17 946]
617,[ 71. 103. 195.  42.  43.  44.],103.0,[ 17 947]
618,[103.  71. 222.  54.  42.  43.],93.0,[ 17 948]
619,[ 93. 103. 196.  38.  54.  42.],105.0,[ 17 949]
620,[105.  93. 157.  31.  38.  54.],89.0,[ 17 950]
621,[ 89. 105. 187.  21.  31.  38.],86.0,[ 17 951]
622,[ 86.  89. 195.  59.  21.  31.],90.0,[ 17 952]
623,[ 81.  85. 179.  39.  17.  68.],71.0,[ 17 956]
624,[ 71.  81. 176.   3.  39.  17.],81.0,[ 17 957]
625,[ 81.  71. 165.  41.   3.  39.],75.0,[ 17 958]
626,[ 72.  65. 189.  42.  27.  59.],94.0,[ 17 962]
627,[ 94.  72. 193.  26.  42.  27.],123.0,[ 17 963]
628,[123.  94. 211.  18.  26.  42.],82.0,[ 17 964]
629,[ 82. 123. 224.  14.  18.  26.],102.0,[ 17 965]
630,[102.  82. 254.  43.  14.  18.],104.0,[ 17 966]
631,[104. 102. 277.  17.  43.  14.],105.0,[ 17 967]
632,[ 81.  28. 134.  28.  13.  27.],84.0,[ 18 923]
633,[ 84.  81. 209.  10.  28.  13.],100.0,[ 18 924]
634,[100.  84. 194.  52.  10.  28.],103.0,[ 18 925]
635,[103. 100. 204.  39.  52.  10.],92.0,[ 18 926]
636,[ 92. 103. 184.  15.  39.  52.],85.0,[ 18 927]
637,[ 85.  92. 187.  55.  15.  39.],91.0,[ 18 928]
638,[ 91.  85. 170.  11.  55.  15.],69.0,[ 18 929]
639,[ 69.  91. 155.  33.  11.  55.],78.0,[ 18 930]
640,[ 78.  69. 138.  23.  33.  11.],71.0,[ 18 931]
641,[ 71.  78. 179.  16.  23.  33.],74.0,[ 18 932]
642,[ 74.  71. 141.  22.  16.  23.],77.0,[ 18 933]
643,[ 77.  74. 143.  28.  22.  16.],75.0,[ 18 934]
644,[ 75.  77. 153.  33.  28.  22.],78.0,[ 18 935]
645,[ 78.  75. 141.  14.  33.  28.],64.0,[ 18 936]
646,[ 64.  78. 142.  31.  14.  33.],75.0,[ 18 937]
647,[ 75.  64. 146.   3.  31.  14.],81.0,[ 18 938]
648,[ 81.  75. 156.  29.   3.  31.],87.0,[ 18 939]
649,[ 87.  81. 175.   7.  29.   3.],84.0,[ 18 940]
650,[ 84.  87. 170.  38.   7.  29.],86.0,[ 18 941]
651,[ 86.  84. 152.  14.  38.   7.],89.0,[ 18 942]
652,[ 89.  86. 141.  29.  14.  38.],100.0,[ 18 943]
653,[100.  89. 163.  23.  29.  14.],85.0,[ 18 944]
654,[ 85. 100. 163.  32.  23.  29.],66.0,[ 18 945]
655,[ 66.  85. 148.  29.  32.  23.],95.0,[ 18 946]
656,[ 95.  66. 166.  22.  29.  32.],78.0,[ 18 947]
657,[ 78.  95. 146.  26.  22.  29.],76.0,[ 18 948]
658,[ 76.  78. 171.  35.  26.  22.],76.0,[ 18 949]
659,[ 76.  76. 181.  16.  35.  26.],93.0,[ 18 950]
660,[ 93.  76. 170.  11.  16.  35.],63.0,[ 18 951]
661,[ 63.  93. 137.  38.  11.  16.],79.0,[ 18 952]
662,[ 69.  75. 152.  36.   8.  43.],56.0,[ 18 956]
663,[ 56.  69. 122.   5.  36.   8.],57.0,[ 18 957]
664,[ 57.  56. 138.  28.   5.  36.],54.0,[ 18 958]
665,[ 62.  56. 148.  46.  20.  50.],69.0,[ 18 962]
666,[ 69.  62. 179.  39.  46.  20.],86.0,[ 18 963]
667,[ 86.  69. 197.  19.  39.  46.],82.0,[ 18 964]
668,[ 82.  86. 196.  14.  19.  39.],93.0,[ 18 965]
669,[ 93.  82. 195.  40.  14.  19.],101.0,[ 18 966]
670,[101.  93. 205.   8.  40.  14.],96.0,[ 18 967]
671,[ 59.  27. 118.  30.  11.  15.],66.0,[ 19 923]
672,[ 66.  59. 130.   8.  30.  11.],72.0,[ 19 924]
673,[ 72.  66. 125.  36.   8.  30.],70.0,[ 19 925]
674,[ 70.  72. 138.  24.  36.   8.],78.0,[ 19 926]
675,[ 78.  70. 132.  10.  24.  36.],69.0,[ 19 927]
676,[ 69.  78. 166.  34.  10.  24.],64.0,[ 19 928]
677,[ 64.  69. 148.   7.  34.  10.],94.0,[ 19 929]
678,[ 94.  64. 157.  29.   7.  34.],70.0,[ 19 930]
679,[ 70.  94. 159.  33.  29.   7.],68.0,[ 19 931]
680,[ 68.  70. 177.  14.  33.  29.],73.0,[ 19 932]
681,[ 73.  68. 146.  26.  14.  33.],73.0,[ 19 933]
682,[ 73.  73. 133.  16.  26.  14.],65.0,[ 19 934]
683,[ 65.  73. 135.  27.  16.  26.],56.0,[ 19 935]
684,[ 56.  65. 139.  17.  27.  16.],52.0,[ 19 936]
685,[ 52.  56. 102.  31.  17.  27.],46.0,[ 19 937]
686,[ 46.  52. 120.   7.  31.  17.],62.0,[ 19 938]
687,[ 62.  46. 125.  31.   7.  31.],51.0,[ 19 939]
688,[ 51.  62. 149.   8.  31.   7.],57.0,[ 19 940]
689,[ 57.  51. 117.  31.   8.  31.],50.0,[ 19 941]
690,[ 50.  57. 105.  12.  31.   8.],60.0,[ 19 942]
691,[ 60.  50. 121.  19.  12.  31.],74.0,[ 19 943]
692,[ 74.  60. 128.  19.  19.  12.],67.0,[ 19 944]
693,[ 67.  74. 100.  20.  19.  19.],69.0,[ 19 945]
694,[ 69.  67. 105.  22.  20.  19.],67.0,[ 19 946]
695,[ 67.  69. 142.  33.  22.  20.],51.0,[ 19 947]
696,[ 51.  67. 158.  17.  33.  22.],69.0,[ 19 948]
697,[ 69.  51. 152.  20.  17.  33.],50.0,[ 19 949]
698,[ 50.  69. 138.  14.  20.  17.],65.0,[ 19 950]
699,[ 65.  50. 146.  12.  14.  20.],58.0,[ 19 951]
700,[ 58.  65. 131.  32.  12.  14.],70.0,[ 19 952]
701,[ 61.  53. 124.  39.  10.  43.],58.0,[ 19 956]
702,[ 58.  61. 131.   3.  39.  10.],41.0,[ 19 957]
703,[ 41.  58. 125.  21.   3.  39.],57.0,[ 19 958]
704,[ 69.  75. 168.  48.  31.  50.],70.0,[ 19 962]
705,[ 70.  69. 160.  35.  48.  31.],59.0,[ 19 963]
706,[ 59.  70. 180.  20.  35.  48.],93.0,[ 19 964]
707,[ 93.  59. 212.  21.  20.  35.],103.0,[ 19 965]
708,[103.  93. 243.  70.  21.  20.],107.0,[ 19 966]
709,[107. 103. 233.  13.  70.  21.],116.0,[ 19 967]
710,[106.  48. 211.  46.  13.  40.],110.0,[ 20 923]
711,[110. 106. 181.  14.  46.  13.],98.0,[ 20 924]
712,[ 98. 110. 181.  39.  14.  46.],100.0,[ 20 925]
713,[100.  98. 162.  26.  39.  14.],88.0,[ 20 926]
714,[ 88. 100. 157.  12.  26.  39.],101.0,[ 20 927]
715,[101.  88. 124.  31.  12.  26.],105.0,[ 20 928]
716,[105. 101. 142.   7.  31.  12.],108.0,[ 20 929]
717,[108. 105. 161.  20.   7.  31.],108.0,[ 20 930]
718,[108. 108. 148.  26.  20.   7.],90.0,[ 20 931]
719,[ 90. 108. 178.  12.  26.  20.],100.0,[ 20 932]
720,[100.  90. 179.  37.  12.  26.],79.0,[ 20 933]
721,[ 79. 100. 164.  14.  37.  12.],87.0,[ 20 934]
722,[ 87.  79. 143.  29.  14.  37.],70.0,[ 20 935]
723,[ 70.  87. 129.  15.  29.  14.],78.0,[ 20 936]
724,[ 78.  70. 121.  37.  15.  29.],74.0,[ 20 937]
725,[ 74.  78. 121.   9.  37.  15.],52.0,[ 20 938]
726,[ 52.  74. 136.  23.   9.  37.],67.0,[ 20 939]
727,[ 67.  52. 133.   6.  23.   9.],64.0,[ 20 940]
728,[ 64.  67. 124.  28.   6.  23.],56.0,[ 20 941]
729,[ 56.  64. 129.  12.  28.   6.],56.0,[ 20 942]
730,[ 56.  56. 118.  25.  12.  28.],61.0,[ 20 943]
731,[ 61.  56. 113.  24.  25.  12.],57.0,[ 20 944]
732,[ 57.  61. 112.  23.  24.  25.],61.0,[ 20 945]
733,[ 61.  57. 149.  17.  23.  24.],55.0,[ 20 946]
734,[ 55.  61. 135.  22.  17.  23.],53.0,[ 20 947]
735,[ 53.  55. 138.  25.  22.  17.],43.0,[ 20 948]
736,[ 43.  53. 114.  12.  25.  22.],62.0,[ 20 949]
737,[ 62.  43. 118.  13.  12.  25.],50.0,[ 20 950]
738,[ 50.  62. 123.  10.  13.  12.],66.0,[ 20 951]
739,[ 66.  50. 130.  29.  10.  13.],57.0,[ 20 952]
740,[ 55.  60. 105.  22.  10.  38.],60.0,[ 20 956]
741,[ 60.  55. 108.   6.  22.  10.],61.0,[ 20 957]
742,[61. 60. 79. 24.  6. 22.],50.0,[ 20 958]
743,[ 59.  48. 117.  34.  25.  33.],81.0,[ 20 962]
744,[ 81.  59. 141.  24.  34.  25.],88.0,[ 20 963]
745,[ 88.  81. 131.  15.  24.  34.],72.0,[ 20 964]
746,[ 72.  88. 163.   9.  15.  24.],67.0,[ 20 965]
747,[ 67.  72. 193.  49.   9.  15.],99.0,[ 20 966]
748,[ 99.  67. 204.  11.  49.   9.],76.0,[ 20 967]
749,[148.  67. 319.  84.  25.  58.],162.0,[ 21 923]
750,[162. 148. 380.  22.  84.  25.],199.0,[ 21 924]
751,[199. 162. 385.  97.  22.  84.],181.0,[ 21 925]
752,[181. 199. 369.  73.  97.  22.],182.0,[ 21 926]
753,[182. 181. 368.  32.  73.  97.],197.0,[ 21 927]
754,[197. 182. 385. 102.  32.  73.],209.0,[ 21 928]
755,[209. 197. 366.  19. 102.  32.],184.0,[ 21 929]
756,[184. 209. 343.  36.  19. 102.],178.0,[ 21 930]
757,[178. 184. 333.  70.  36.  19.],183.0,[ 21 931]
758,[183. 178. 314.  39.  70.  36.],164.0,[ 21 932]
759,[164. 183. 236.  38.  39.  70.],138.0,[ 21 933]
760,[138. 164. 279.  38.  38.  39.],138.0,[ 21 934]
761,[138. 138. 250.  48.  38.  38.],113.0,[ 21 935]
762,[113. 138. 242.  35.  48.  38.],153.0,[ 21 936]
763,[153. 113. 230.  57.  35.  48.],139.0,[ 21 937]
764,[139. 153. 235.   9.  57.  35.],138.0,[ 21 938]
765,[138. 139. 235.  56.   9.  57.],132.0,[ 21 939]
766,[132. 138. 268.  20.  56.   9.],140.0,[ 21 940]
767,[140. 132. 273.  58.  20.  56.],148.0,[ 21 941]
768,[148. 140. 244.  31.  58.  20.],147.0,[ 21 942]
769,[147. 148. 240.  44.  31.  58.],137.0,[ 21 943]
770,[137. 147. 260.  45.  44.  31.],124.0,[ 21 944]
771,[124. 137. 259.  46.  45.  44.],154.0,[ 21 945]
772,[154. 124. 297.  27.  46.  45.],150.0,[ 21 946]
773,[150. 154. 319.  38.  27.  46.],157.0,[ 21 947]
774,[157. 150. 286.  35.  38.  27.],130.0,[ 21 948]
775,[130. 157. 252.  39.  35.  38.],123.0,[ 21 949]
776,[123. 130. 280.  46.  39.  35.],140.0,[ 21 950]
777,[140. 123. 273.  31.  46.  39.],144.0,[ 21 951]
778,[144. 140. 292.  58.  31.  46.],140.0,[ 21 952]
779,[133. 121. 233.  67.  20.  59.],134.0,[ 21 956]
780,[134. 133. 222.   5.  67.  20.],135.0,[ 21 957]
781,[135. 134. 194.  39.   5.  67.],98.0,[ 21 958]
782,[125. 104. 274.  48.  29.  70.],154.0,[ 21 962]
783,[154. 125. 296.  37.  48.  29.],157.0,[ 21 963]
784,[157. 154. 320.  42.  37.  48.],146.0,[ 21 964]
785,[146. 157. 298.  17.  42.  37.],170.0,[ 21 965]
786,[170. 146. 330.  48.  17.  42.],187.0,[ 21 966]
787,[187. 170. 348.  11.  48.  17.],170.0,[ 21 967]
788,[29. 12. 60. 17.  8. 12.],33.0,[ 22 923]
789,[33. 29. 70.  9. 17.  8.],37.0,[ 22 924]
790,[37. 33. 53. 18.  9. 17.],37.0,[ 22 925]
791,[37. 37. 62. 15. 18.  9.],40.0,[ 22 926]
792,[40. 37. 49.  1. 15. 18.],22.0,[ 22 927]
793,[22. 40. 34. 10.  1. 15.],25.0,[ 22 928]
794,[25. 22. 47.  1. 10.  1.],31.0,[ 22 929]
795,[31. 25. 30.  4.  1. 10.],17.0,[ 22 930]
796,[17. 31. 13.  7.  4.  1.],11.0,[ 22 931]
797,[11. 17. 18.  1.  7.  4.],13.0,[ 22 932]
798,[13. 11. 23.  7.  1.  7.],10.0,[ 22 933]
799,[10. 13. 30.  3.  7.  1.],14.0,[ 22 934]
800,[14. 10. 16.  2.  3.  7.],18.0,[ 22 935]
801,[18. 14. 27.  4.  2.  3.],19.0,[ 22 936]
802,[19. 18. 19.  4.  4.  2.],7.0,[ 22 937]
803,[ 7. 19. 25.  1.  4.  4.],11.0,[ 22 938]
804,[11.  7. 24.  7.  1.  4.],11.0,[ 22 939]
805,[ 7. 13. 19.  2.  2.  2.],20.0,[ 22 943]
806,[20.  7. 19.  1.  2.  2.],16.0,[ 22 944]
807,[16. 20. 20.  5.  1.  2.],23.0,[ 22 945]
808,[23. 16. 21.  2.  5.  1.],19.0,[ 22 946]
809,[19. 23. 21.  1.  2.  5.],15.0,[ 22 947]
810,[15. 19. 26.  2.  1.  2.],16.0,[ 22 948]
811,[16. 15. 16.  3.  2.  1.],19.0,[ 22 949]
812,[19. 16. 23.  3.  3.  2.],17.0,[ 22 950]
813,[17. 19. 22.  2.  3.  3.],12.0,[ 22 951]
814,[ 9. 11. 21.  3.  1.  8.],8.0,[ 22 956]
815,[ 6. 12. 18.  7.  4.  9.],6.0,[ 22 962]
816,[ 6.  6. 28.  6.  7.  4.],11.0,[ 22 963]
817,[11.  6. 16.  4.  6.  7.],9.0,[ 22 964]
818,[ 9. 11. 16.  5.  4.  6.],10.0,[ 22 965]
819,[10.  9. 19.  4.  5.  4.],9.0,[ 22 966]
820,[ 9. 10. 30.  3.  4.  5.],16.0,[ 22 967]
821,[126.  38. 338.  71.  25.  46.],181.0,[ 23 923]
822,[181. 126. 356.  15.  71.  25.],193.0,[ 23 924]
823,[193. 181. 376.  87.  15.  71.],182.0,[ 23 925]
824,[182. 193. 351.  70.  87.  15.],130.0,[ 23 926]
825,[130. 182. 336.  22.  70.  87.],137.0,[ 23 927]
826,[137. 130. 358.  74.  22.  70.],151.0,[ 23 928]
827,[151. 137. 288.  17.  74.  22.],141.0,[ 23 929]
828,[141. 151. 288.  40.  17.  74.],138.0,[ 23 930]
829,[138. 141. 295.  61.  40.  17.],119.0,[ 23 931]
830,[119. 138. 309.  31.  61.  40.],142.0,[ 23 932]
831,[142. 119. 258.  38.  31.  61.],128.0,[ 23 933]
832,[128. 142. 260.  44.  38.  31.],112.0,[ 23 934]
833,[112. 128. 247.  28.  44.  38.],122.0,[ 23 935]
834,[122. 112. 272.  31.  28.  44.],132.0,[ 23 936]
835,[132. 122. 272.  55.  31.  28.],106.0,[ 23 937]
836,[106. 132. 263.   7.  55.  31.],115.0,[ 23 938]
837,[115. 106. 306.  57.   7.  55.],127.0,[ 23 939]
838,[127. 115. 308.  15.  57.   7.],147.0,[ 23 940]
839,[147. 127. 318.  76.  15.  57.],116.0,[ 23 941]
840,[116. 147. 335.  26.  76.  15.],156.0,[ 23 942]
841,[156. 116. 280.  59.  26.  76.],160.0,[ 23 943]
842,[160. 156. 274.  37.  59.  26.],160.0,[ 23 944]
843,[160. 160. 278.  53.  37.  59.],142.0,[ 23 945]
844,[142. 160. 264.  36.  53.  37.],121.0,[ 23 946]
845,[121. 142. 268.  51.  36.  53.],138.0,[ 23 947]
846,[138. 121. 295.  41.  51.  36.],133.0,[ 23 948]
847,[133. 138. 281.  36.  41.  51.],157.0,[ 23 949]
848,[157. 133. 245.  45.  36.  41.],148.0,[ 23 950]
849,[148. 157. 284.  31.  45.  36.],147.0,[ 23 951]
850,[147. 148. 310.  63.  31.  45.],154.0,[ 23 952]
851,[161. 155. 254.  61.  21.  93.],134.0,[ 23 956]
852,[134. 161. 276.  10.  61.  21.],137.0,[ 23 957]
853,[137. 134. 261.  43.  10.  61.],136.0,[ 23 958]
854,[150. 101. 334.  70.  34.  65.],160.0,[ 23 962]
855,[160. 150. 301.  51.  70.  34.],150.0,[ 23 963]
856,[150. 160. 324.  30.  51.  70.],138.0,[ 23 964]
857,[138. 150. 312.  21.  30.  51.],160.0,[ 23 965]
858,[160. 138. 332.  66.  21.  30.],162.0,[ 23 966]
859,[162. 160. 307.  13.  66.  21.],125.0,[ 23 967]
860,[43. 25. 69. 21. 10. 15.],37.0,[ 24 923]
861,[37. 43. 81.  4. 21. 10.],36.0,[ 24 924]
862,[36. 37. 91. 22.  4. 21.],40.0,[ 24 925]
863,[40. 36. 83. 18. 22.  4.],42.0,[ 24 926]
864,[42. 40. 90.  8. 18. 22.],39.0,[ 24 927]
865,[39. 42. 86. 18.  8. 18.],32.0,[ 24 928]
866,[32. 39. 88.  4. 18.  8.],24.0,[ 24 929]
867,[24. 32. 50.  9.  4. 18.],13.0,[ 24 930]
868,[13. 24. 41. 13.  9.  4.],20.0,[ 24 931]
869,[20. 13. 35.  1. 13.  9.],11.0,[ 24 932]
870,[11. 20. 22.  6.  1. 13.],6.0,[ 24 933]
871,[ 6. 11. 16.  6.  6.  1.],13.0,[ 24 934]
872,[13.  6. 15.  2.  6.  6.],8.0,[ 24 935]
873,[ 8. 13. 17.  5.  2.  6.],7.0,[ 24 936]
874,[ 7.  8. 14.  3.  5.  2.],6.0,[ 24 937]
875,[ 6.  7. 21.  2.  3.  5.],7.0,[ 24 938]
876,[ 7.  6. 25.  2.  2.  3.],12.0,[ 24 939]
877,[12.  7. 25.  1.  2.  2.],7.0,[ 24 940]
878,[ 7. 12. 23.  2.  1.  2.],6.0,[ 24 941]
879,[ 6.  7. 16.  1.  2.  1.],9.0,[ 24 942]
880,[ 9.  6. 22.  6.  1.  2.],12.0,[ 24 943]
881,[12.  9. 22.  6.  6.  1.],8.0,[ 24 944]
882,[ 8. 12. 28.  1.  6.  6.],14.0,[ 24 945]
883,[14.  8. 15.  5.  1.  6.],12.0,[ 24 946]
884,[12. 14. 15.  2.  5.  1.],9.0,[ 24 947]
885,[ 9. 12. 21.  4.  2.  5.],7.0,[ 24 948]
886,[ 7.  9. 21.  5.  4.  2.],7.0,[ 24 949]
887,[ 7.  7. 30.  3.  5.  4.],15.0,[ 24 950]
888,[15.  7. 21.  2.  3.  5.],12.0,[ 24 951]
889,[12. 15. 18.  5.  2.  3.],12.0,[ 24 952]
890,[ 8.  7. 24.  6.  1.  6.],9.0,[ 24 956]
891,[12.  6. 26. 21.  3. 10.],10.0,[ 24 962]
892,[10. 12. 25. 10. 21.  3.],15.0,[ 24 963]
893,[15. 10. 34. 10. 10. 21.],14.0,[ 24 964]
894,[14. 15. 39. 12. 10. 10.],17.0,[ 24 965]
895,[17. 14. 58. 33. 12. 10.],14.0,[ 24 966]
896,[14. 17. 48.  5. 33. 12.],22.0,[ 24 967]
897,[ 6.  3. 17.  1.  1.  2.],6.0,[ 25 923]
898,[5. 7. 9. 1. 2. 3.],7.0,[ 25 932]
899,[7. 5. 9. 2. 1. 2.],4.0,[ 25 933]
900,[4. 7. 9. 5. 2. 1.],3.0,[ 25 934]
901,[3. 4. 8. 1. 5. 2.],1.0,[ 25 935]
902,[ 7.  3. 10.  2.  1.  3.],3.0,[ 25 943]
903,[3. 7. 2. 1. 2. 1.],4.0,[ 25 944]
904,[2. 1. 7. 2. 4. 3.],3.0,[ 25 962]
905,[3. 2. 9. 5. 2. 4.],3.0,[ 25 963]
906,[3. 3. 5. 3. 5. 2.],6.0,[ 25 964]
907,[6. 3. 7. 7. 3. 5.],5.0,[ 25 965]
908,[5. 6. 8. 5. 7. 3.],3.0,[ 25 966]
909,[3. 5. 3. 1. 5. 7.],6.0,[ 25 967]
910,[ 67.  33. 171.  46.  11.  28.],75.0,[ 26 923]
911,[ 75.  67. 167.   5.  46.  11.],88.0,[ 26 924]
912,[ 88.  75. 195.  38.   5.  46.],86.0,[ 26 925]
913,[ 86.  88. 172.  44.  38.   5.],98.0,[ 26 926]
914,[ 98.  86. 216.  12.  44.  38.],104.0,[ 26 927]
915,[104.  98. 259.  60.  12.  44.],107.0,[ 26 928]
916,[107. 104. 197.   4.  60.  12.],97.0,[ 26 929]
917,[ 97. 107. 202.  30.   4.  60.],105.0,[ 26 930]
918,[105.  97. 188.  45.  30.   4.],89.0,[ 26 931]
919,[ 89. 105. 197.  19.  45.  30.],83.0,[ 26 932]
920,[ 83.  89. 136.  29.  19.  45.],82.0,[ 26 933]
921,[ 82.  83. 155.  24.  29.  19.],78.0,[ 26 934]
922,[ 78.  82. 152.  32.  24.  29.],72.0,[ 26 935]
923,[ 72.  78. 135.  17.  32.  24.],76.0,[ 26 936]
924,[ 76.  72. 159.  32.  17.  32.],66.0,[ 26 937]
925,[ 66.  76. 120.  10.  32.  17.],62.0,[ 26 938]
926,[ 62.  66. 140.  38.  10.  32.],83.0,[ 26 939]
927,[ 83.  62. 172.  10.  38.  10.],84.0,[ 26 940]
928,[ 84.  83. 144.  35.  10.  38.],73.0,[ 26 941]
929,[ 73.  84. 151.  12.  35.  10.],77.0,[ 26 942]
930,[ 77.  73. 119.  16.  12.  35.],70.0,[ 26 943]
931,[ 70.  77. 155.  25.  16.  12.],84.0,[ 26 944]
932,[ 84.  70. 142.  22.  25.  16.],78.0,[ 26 945]
933,[ 78.  84. 137.  17.  22.  25.],79.0,[ 26 946]
934,[ 79.  78. 155.  29.  17.  22.],73.0,[ 26 947]
935,[ 73.  79. 168.  21.  29.  17.],93.0,[ 26 948]
936,[ 93.  73. 151.  26.  21.  29.],71.0,[ 26 949]
937,[ 71.  93. 148.  27.  26.  21.],78.0,[ 26 950]
938,[ 78.  71. 162.  17.  27.  26.],80.0,[ 26 951]
939,[ 80.  78. 147.  32.  17.  27.],76.0,[ 26 952]
940,[ 74.  71. 136.  38.  13.  42.],69.0,[ 26 956]
941,[ 69.  74. 153.   4.  38.  13.],75.0,[ 26 957]
942,[ 75.  69. 133.  28.   4.  38.],81.0,[ 26 958]
943,[ 80.  63. 163.  51.  39.  43.],75.0,[ 26 962]
944,[ 75.  80. 176.  26.  51.  39.],76.0,[ 26 963]
945,[ 76.  75. 200.  33.  26.  51.],107.0,[ 26 964]
946,[107.  76. 211.  26.  33.  26.],109.0,[ 26 965]
947,[109. 107. 246.  62.  26.  33.],115.0,[ 26 966]
948,[115. 109. 228.  14.  62.  26.],114.0,[ 26 967]
949,[ 27.  12. 101.  21.  10.  16.],45.0,[ 27 923]
950,[45. 27. 91.  7. 21. 10.],47.0,[ 27 924]
951,[47. 45. 64. 12.  7. 21.],31.0,[ 27 925]
952,[31. 47. 63. 10. 12.  7.],26.0,[ 27 926]
953,[26. 31. 36.  5. 10. 12.],22.0,[ 27 927]
954,[22. 26. 56. 19.  5. 10.],17.0,[ 27 928]
955,[12.  7. 26.  4.  5.  6.],8.0,[ 27 935]
956,[ 8. 12. 19.  4.  4.  5.],13.0,[ 27 936]
957,[13.  8. 21.  4.  4.  4.],9.0,[ 27 937]
958,[12. 13. 24.  5.  3.  6.],8.0,[ 27 941]
959,[ 8. 12. 30.  2.  5.  3.],6.0,[ 27 942]
960,[ 6.  8. 29.  4.  2.  5.],7.0,[ 27 943]
961,[ 7.  6. 34.  5.  4.  2.],20.0,[ 27 944]
962,[20.  7. 34.  5.  5.  4.],12.0,[ 27 945]
963,[12. 20. 13.  3.  5.  5.],14.0,[ 27 946]
964,[14. 12. 23.  2.  3.  5.],20.0,[ 27 947]
965,[20. 14. 40.  6.  2.  3.],18.0,[ 27 948]
966,[18. 20. 21.  7.  6.  2.],14.0,[ 27 949]
967,[14. 18. 33.  5.  7.  6.],15.0,[ 27 950]
968,[15. 14. 24.  2.  5.  7.],14.0,[ 27 951]
969,[14. 15. 22.  9.  2.  5.],15.0,[ 27 952]
970,[16. 13. 29.  6.  4. 10.],23.0,[ 27 956]
971,[23. 16. 30.  1.  6.  4.],14.0,[ 27 957]
972,[14. 23. 32.  9.  1.  6.],14.0,[ 27 958]
973,[15. 13. 56. 15.  9. 13.],20.0,[ 27 962]
974,[20. 15. 59. 10. 15.  9.],22.0,[ 27 963]
975,[22. 20. 57.  8. 10. 15.],23.0,[ 27 964]
976,[23. 22. 55.  5.  8. 10.],38.0,[ 27 965]
977,[38. 23. 68. 12.  5.  8.],31.0,[ 27 966]
978,[31. 38. 55.  1. 12.  5.],21.0,[ 27 967]
979,[ 83.  53. 233.  50.  13.  29.],106.0,[ 28 923]
980,[106.  83. 209.  11.  50.  13.],107.0,[ 28 924]
981,[107. 106. 186.  56.  11.  50.],97.0,[ 28 925]
982,[ 97. 107. 191.  33.  56.  11.],98.0,[ 28 926]
983,[ 98.  97. 202.  12.  33.  56.],100.0,[ 28 927]
984,[100.  98. 177.  44.  12.  33.],98.0,[ 28 928]
985,[ 98. 100. 195.  11.  44.  12.],100.0,[ 28 929]
986,[100.  98. 171.  26.  11.  44.],83.0,[ 28 930]
987,[ 83. 100. 185.  41.  26.  11.],72.0,[ 28 931]
988,[ 72.  83. 185.  16.  41.  26.],75.0,[ 28 932]
989,[ 75.  72. 166.  27.  16.  41.],61.0,[ 28 933]
990,[ 61.  75. 148.  27.  27.  16.],70.0,[ 28 934]
991,[ 70.  61. 182.  26.  27.  27.],63.0,[ 28 935]
992,[ 63.  70. 152.  13.  26.  27.],54.0,[ 28 936]
993,[ 54.  63. 127.  32.  13.  26.],82.0,[ 28 937]
994,[ 82.  54. 160.   3.  32.  13.],72.0,[ 28 938]
995,[ 72.  82. 171.  31.   3.  32.],60.0,[ 28 939]
996,[ 60.  72. 150.  15.  31.   3.],63.0,[ 28 940]
997,[ 63.  60. 135.  46.  15.  31.],85.0,[ 28 941]
998,[ 85.  63. 147.  17.  46.  15.],63.0,[ 28 942]
999,[ 63.  85. 154.  24.  17.  46.],70.0,[ 28 943]
1000,[ 70.  63. 171.  22.  24.  17.],70.0,[ 28 944]
1001,[ 70.  70. 160.  20.  22.  24.],65.0,[ 28 945]
1002,[ 65.  70. 168.  19.  20.  22.],73.0,[ 28 946]
1003,[ 73.  65. 203.  16.  19.  20.],67.0,[ 28 947]
1004,[ 67.  73. 170.  17.  16.  19.],58.0,[ 28 948]
1005,[ 58.  67. 153.  32.  17.  16.],68.0,[ 28 949]
1006,[ 68.  58. 194.  23.  32.  17.],70.0,[ 28 950]
1007,[ 70.  68. 220.  12.  23.  32.],92.0,[ 28 951]
1008,[ 92.  70. 204.  42.  12.  23.],85.0,[ 28 952]
1009,[ 78.  76. 173.  33.  20.  51.],51.0,[ 28 956]
1010,[ 51.  78. 179.   6.  33.  20.],57.0,[ 28 957]
1011,[ 57.  51. 183.  26.   6.  33.],63.0,[ 28 958]
1012,[ 59.  60. 190.  41.  38.  61.],72.0,[ 28 962]
1013,[ 72.  59. 197.  32.  41.  38.],68.0,[ 28 963]
1014,[ 68.  72. 251.  22.  32.  41.],82.0,[ 28 964]
1015,[ 82.  68. 240.  19.  22.  32.],104.0,[ 28 965]
1016,[104.  82. 256.  43.  19.  22.],105.0,[ 28 966]
1017,[105. 104. 239.   8.  43.  19.],97.0,[ 28 967]
1018,[19. 24. 64. 13.  1.  7.],24.0,[ 29 923]
1019,[24. 19. 56. 12. 13.  1.],28.0,[ 29 924]
1020,[28. 24. 49. 27. 12. 13.],36.0,[ 29 925]
1021,[36. 28. 41.  8. 27. 12.],33.0,[ 29 926]
1022,[33. 36. 31.  1.  8. 27.],35.0,[ 29 927]
1023,[35. 33. 43. 13.  1.  8.],8.0,[ 29 928]
1024,[ 8. 35. 61.  5. 13.  1.],33.0,[ 29 929]
1025,[33.  8. 59.  8.  5. 13.],38.0,[ 29 930]
1026,[38. 33. 53.  8.  8.  5.],31.0,[ 29 931]
1027,[31. 38. 27. 10.  8.  8.],48.0,[ 29 932]
1028,[48. 31. 92. 25. 10.  8.],56.0,[ 29 933]
1029,[56. 48. 81. 18. 25. 10.],47.0,[ 29 934]
1030,[47. 56. 80.  4. 18. 25.],41.0,[ 29 935]
1031,[41. 47. 80. 16.  4. 18.],50.0,[ 29 936]
1032,[50. 41. 66. 21. 16.  4.],41.0,[ 29 937]
1033,[42. 39. 49. 13.  5. 15.],29.0,[ 29 941]
1034,[29. 42. 41.  3. 13.  5.],34.0,[ 29 942]
1035,[34. 29. 39.  7.  3. 13.],21.0,[ 29 943]
1036,[21. 34. 70.  6.  7.  3.],23.0,[ 29 944]
1037,[23. 21. 56.  9.  6.  7.],21.0,[ 29 945]
1038,[21. 23. 55.  9.  9.  6.],38.0,[ 29 946]
1039,[38. 21. 58. 11.  9.  9.],47.0,[ 29 947]
1040,[47. 38. 77. 16. 11.  9.],31.0,[ 29 948]
1041,[31. 47. 80. 13. 16. 11.],40.0,[ 29 949]
1042,[40. 31. 64.  2. 13. 16.],47.0,[ 29 950]
1043,[47. 40. 34.  6.  2. 13.],26.0,[ 29 951]
1044,[26. 47. 41. 12.  6.  2.],27.0,[ 29 952]
1045,[46. 28. 69. 13.  3.  8.],42.0,[ 29 956]
1046,[42. 46. 53.  1. 13.  3.],43.0,[ 29 957]
1047,[43. 42. 63. 13.  1. 13.],59.0,[ 29 958]
1048,[48. 38. 78. 22.  5. 23.],57.0,[ 29 962]
1049,[57. 48. 68. 13. 22.  5.],45.0,[ 29 963]
1050,[45. 57. 57. 11. 13. 22.],47.0,[ 29 964]
1051,[47. 45. 93. 10. 11. 13.],46.0,[ 29 965]
1052,[46. 47. 35. 12. 10. 11.],51.0,[ 29 966]
1053,[51. 46. 99.  3. 12. 10.],54.0,[ 29 967]
